file,path,phash
L4_6cf8d6ec2a032ea217b30e2252f32320.jpg,/orfeo/cephfs/scratch/mdmc/appliedAI/SEM/public_dataset/Complete_dataset/Powder/L4_6cf8d6ec2a032ea217b30e2252f32320.jpg,a1504bc22b3821f3969de7f13f00b7411f806efbd4356f3906b13579b4114dbc28bd54d6917cb0ac3d27e05dc763f0c585221be22cb34d89c135342817ea9369fa6af01e3b4279f1aa3512bc45edec167d0bec41adb207a94bd54572d708baf963ad70d976a568d542bdead6e594e2545c87bf96a82e361e535b095cdb11819c
L4_2dd370f811c630a32781fe7163fe8326.jpg,/orfeo/cephfs/scratch/mdmc/appliedAI/SEM/public_dataset/Complete_dataset/Powder/L4_2dd370f811c630a32781fe7163fe8326.jpg,82f3c3b90f8ad737df7316190ffe261626231911f8c0639e5c6a2beb8508f72a5872fa5097558f0400f1c6e1b0c504aaa5e5753760343e5dcf0a495e3fe1859e8c3ac48e3833098d87cbd0f4e5975a7d334e52bfe3ed66606f18630897db20aa1ed33603749ea6e7deb614df8aa4fc159d17cfdf93056c703861e42283af4371
L4_0588d5b0ba52d04eaf8f2c615ad7c65d.jpg,/orfeo/cephfs/scratch/mdmc/appliedAI/SEM/public_dataset/Complete_dataset/Powder/L4_0588d5b0ba52d04eaf8f2c615ad7c65d.jpg,c70e4fa166237d658e18f02b9491d0e57924f973b3932521a83c169dbc8d6bccbf448390f0f41219169d0283aa21675973f622580ee4536bf55076e04f3bc919b11390ac422955c1f5b3ecc26aa6590b72d854f40238cefd5f8a2edee5562e3e30f7fdbfc257cb99a9a3ff5e57df3414f1ad751883245a5b0d633a82e052f715
L4_5fae71d9b5703ad24feba2fa205c47df.jpg,/orfeo/cephfs/scratch/mdmc/appliedAI/SEM/public_dataset/Complete_dataset/Powder/L4_5fae71d9b5703ad24feba2fa205c47df.jpg,bc020e051c2240a5d964f2fd1d431a8e2e978044357021ef45e5393592c33a447fe97326c44f69ab4a57becf837a3e9d8678ed763a50a760a2f537ac3305b96384bee267321c19d9b7724c28ac2fae015cd1e8e7e6fce4b92bfc2d19b5a91f18017e791d5dbddbc18b01ccda191980aa172b9837a67731657d39b92da1a9dc96
L4_31c08f7573ac753ff26cf75550a8b8e1.jpg,/orfeo/cephfs/scratch/mdmc/appliedAI/SEM/public_dataset/Complete_dataset/Powder/L4_31c08f7573ac753ff26cf75550a8b8e1.jpg,d5419dabb55bcf2ecd8a4a5f5aecd00142c89580a55f47a14d61ca35a40dabf15cb5bff0604621cebc66277653b06fffb3d8121b480c410fb44ca743d2c7fc91439524f490b4e7a4339f25cd8e1ec87c4018c0c998e4e4e1a3d00f870a77cf11f37cb0d95f9a34eb7fce3f8e1bc07e7ebbd40566509ecd48f23e89315b878e31
L4_9664f82c2da373969ccd5f551fa443b3.jpg,/orfeo/cephfs/scratch/mdmc/appliedAI/SEM/public_dataset/Complete_dataset/Powder/L4_9664f82c2da373969ccd5f551fa443b3.jpg,92f4e3a11fa6c11fcee0681f4733cc41b81297219c03ea923be23230ff87873b01fefdf3d55eacaa7953a12aa2591b95f7850914152101ad86e3dd3c48777e5985477e6353df7949d05c850a3024111e738bf5588bbb1b017e47aa5780131dbc0b7d54b5f9d4f59202dae5469eed41bd2a3c2cade6cb2d0f512d7e3705ed06c5
L4_50d05f752a277f6cc5e93d54e6f86fec.jpg,/orfeo/cephfs/scratch/mdmc/appliedAI/SEM/public_dataset/Complete_dataset/Powder/L4_50d05f752a277f6cc5e93d54e6f86fec.jpg,d05035444ff81479912b79ac85b5ad3007edbbdf9ead92ec528ea5cebabc4528109f4b45f2d64f0a02a6998ddbe67938c5152ab20896db19ec2ad9d1049f2431a69d669456c94e1aee5c46b92c842b96572806719f4e1dec1bba58668f1ab8ec134961e997bd7be60bdeffbe85d4aa030ea55b69ab1303f1552268388ea6ddf6
L4_6e76e0d2941ad31a0d918d116de5db10.jpg,/orfeo/cephfs/scratch/mdmc/appliedAI/SEM/public_dataset/Complete_dataset/Powder/L4_6e76e0d2941ad31a0d918d116de5db10.jpg,ab7adead365bd6a9b6d1cf527ca96b5a93ad7f739beea42903ec1281e02d3ada416f1057dcdb50ae79d2aca2df066b683665d36e4f25da0d83b4bbfc21f0b5e1e1af462238b214b7f602c1a08e059f2072bba91287c3622a5eac57d8f06d0a9a0f694012763976b0c61f03fe0594b4094bf4d158f147134840343b3bb633bb5d
L4_64359f293ad21868f9c731f3ce6d3316.jpg,/orfeo/cephfs/scratch/mdmc/appliedAI/SEM/public_dataset/Complete_dataset/Powder/L4_64359f293ad21868f9c731f3ce6d3316.jpg,9037e82929f7f043e3ec7b7e9b6a25ad068b0908f18231c803b99ffccb13dea716232436b76f240a6d92695bf2f20e6f5274a5805a9a8ccb8c1b28e7479ccd0cdf41e30524b32aa7ec5923f468c84e062d71154eeed4d85269143b139d17be7f19b476cbb930a1f1d879996fcc6a78c16f9dbf98afc772150d264905a748ced4
L4_5901564d1479762ac42beab71e410f0f.jpg,/orfeo/cephfs/scratch/mdmc/appliedAI/SEM/public_dataset/Complete_dataset/Powder/L4_5901564d1479762ac42beab71e410f0f.jpg,fa556c7568db2305aa1fc10b806b214a0bb07767cab73b372a274e8ff45579a14e5d32ed66e066b4f167b3ea5a7335269ef1374c4ab11d7f651e4c9bf42c068d544ed058880ce9ab64c24d556ba21563e85d554a0bcf10dcc70a0aabe7c369b641d98a5e052ec78a0888396f5b5e2457dee1f2b3497d326e6d88d59dca2ab14d
L4_fe13e61ceac219c192ec17f353be68c2.jpg,/orfeo/cephfs/scratch/mdmc/appliedAI/SEM/public_dataset/Complete_dataset/Powder/L4_fe13e61ceac219c192ec17f353be68c2.jpg,a943a4083ba554e3cbebdbf723f210cf05c5ed85978c237a07d9459cc740e2b02bd761d2d999a6a36f917845eb920cffbf8ed1027a2d9f9afc4426b97e8e5f01d3786e0c6fd256d1d794e63649e36d334dc47b41c009df8b2be89b5a9d08fba0091ebd821e50ea09f235ee97163272b224c14e6ad246622a2236dfc691197558
L4_c20b4f5c3e6681380ae78369a66ab355.jpg,/orfeo/cephfs/scratch/mdmc/appliedAI/SEM/public_dataset/Complete_dataset/Powder/L4_c20b4f5c3e6681380ae78369a66ab355.jpg,919e81420c2d8557ece7e94e33b3d35868a1f331d862eef20c7831ec940ce3d073c554708580aabd2287c491f6b3cb858579740c33dcee48cc8b16bc295735c4c4258ca360aacfa0d66afcfba39e8fc341fcc204e17d434f79a0effff77010ff29f93f53546aa30a7650d53497cb56052419ea5eafcc0aac39e6ab88dee1c7ac
L4_f0d9cd94a76c8c9a2a5bab4f02eb8f79.jpg,/orfeo/cephfs/scratch/mdmc/appliedAI/SEM/public_dataset/Complete_dataset/Powder/L4_f0d9cd94a76c8c9a2a5bab4f02eb8f79.jpg,f27180e503421bda9dc6e37ab9b087f48c2f805ac127ba4e39e50c0d81c6996d62c770e6e7c0634b7fb45144cf13c20c564fd94a7b94d371c9592ea6693d8d43902a7eb70dd1057dd57328ae9b2f55315773fd66ec9a4a7e5f9d7813e3d1a5c0c8e5b576d3c496b80e50c50f83c249810c9cbb5bb73610a73586533ca0873fb9
L4_a7be6029a463d638fc393a7c3707a14b.jpg,/orfeo/cephfs/scratch/mdmc/appliedAI/SEM/public_dataset/Complete_dataset/Powder/L4_a7be6029a463d638fc393a7c3707a14b.jpg,d08dd60350e3018dda7fa3774f191f6119a4fa11c062a9047c3b4120bf9349ad54976995f206e8601f78bd62f8625d35ac21dfdf6120b34fa5c4202e2eab14fac2519f2c23377ff58e312bfeef04920a76fa018bbcfa49c037185c52f9bdc6c3660b5b47c403fe2bf4b2ea1989e6bb585b62a36c7be3cd642aeb4cec8addc00b
L4_34ba059f045aaa0bc5a28d00451b6f1e.jpg,/orfeo/cephfs/scratch/mdmc/appliedAI/SEM/public_dataset/Complete_dataset/Powder/L4_34ba059f045aaa0bc5a28d00451b6f1e.jpg,e6d2007a4f87a750d88d9d2673d299938dbb53cb9f9ddc3e62779713892046e00821c8f28373c9bb19110d77964f4e2ea657302133b03ee7c581bc081b72252b97517bae26494d55e25eee15f738f34242d92011f993a62b7e29d093fa7459b47ac6563df8c17089ca5fb44ceb56a4326506319f8895f1811bfb9ea6dc8f7957
L4_e02cc47940e011abc3cbd2a946ce3974.jpg,/orfeo/cephfs/scratch/mdmc/appliedAI/SEM/public_dataset/Complete_dataset/Powder/L4_e02cc47940e011abc3cbd2a946ce3974.jpg,d14471f24ffa38e3909e78ee9d7f1016c28eaf1e9df90f1e119b6717bbf8a72d510cefc3efe89a0354e81f43adf41fc0ceb69ee5100e8769af5fe2c012994550a6323efc1632327dbe65d40bb00fba5eff4f3245a3087f4e132c681d8228d02a0763c952fd830c922d838dba8d8b193405905b45a7b032db5522a392ab4fd7b5
L4_e32ec5ba19358c5ee1a5ce912b9488eb.jpg,/orfeo/cephfs/scratch/mdmc/appliedAI/SEM/public_dataset/Complete_dataset/Powder/L4_e32ec5ba19358c5ee1a5ce912b9488eb.jpg,e02782ac63c3a1d387d839ae582f35731f2806559631c28f4b9321c7b1c4eae648ab1851b6719e3c49aac516b8d8e18abc547be74bd730e1b657deb849ab8f1db618e78e4fae31c7b8e638e38c714a716b59c01cb11c63ae598631d7b4e39caf0e338d716718e38c898e73e738c738e344718e0eb2b9c7104d1c638ebac739d3
L4_b13934dc0655542bc2747d556814cdcf.jpg,/orfeo/cephfs/scratch/mdmc/appliedAI/SEM/public_dataset/Complete_dataset/Powder/L4_b13934dc0655542bc2747d556814cdcf.jpg,a5214abb65bbdc12f5528fcd2976650f2c8a7b57e95eba281a45456deb5ef4f82395a359ce51604c192d5934f8adbcaee248486d3608df79c8f9e62627227486c893544a29a11debc9c9289a6e8d3b6d07f1a326d720cef61b32c65af9e008da24db7caafed43b249c5b6be06f6cc15051a68d12d3e6486c253ef42eec1c709b
L4_ac531bf2c2eac644840cce0770c44efe.jpg,/orfeo/cephfs/scratch/mdmc/appliedAI/SEM/public_dataset/Complete_dataset/Powder/L4_ac531bf2c2eac644840cce0770c44efe.jpg,f18106534c58211ad0432e706dc1fdb013a667b1cc5540ae2fb5525dbf6bbada05dd0f2c62f3e5038bb769016cc19c53d964dd06c269e1587d5988fc8337a6aa03e78f08dcd46f595911ee0725df3c6f77a9191c2f8cfa96ee18cadc3c5ce6c6e6bcff4c99c2d4afcf83918b3fa70786aedad11c3bca1228e0880d6501686575
L4_b63cb058d3ea1e529b7c3a67c4dc06cb.jpg,/orfeo/cephfs/scratch/mdmc/appliedAI/SEM/public_dataset/Complete_dataset/Powder/L4_b63cb058d3ea1e529b7c3a67c4dc06cb.jpg,eabefba868a9a4698544bbad78315dae85338343e02904ae3fc72562d290d4e92b37dbd3c1494e5c1fd2dbf5caf448928ddd60e77d9bdaf0d1c1da2a2fd947ddd000e2f22f5b5165dfd514b52314501a72fc2759d039ce0437a9501de41544988ece3d6a2f63cf2c8ca7e4d67bf2d0bb004fe9f58a11f5424e02f0ecf0238551
L4_bfbebaade40d3abb29bef20646bb2073.jpg,/orfeo/cephfs/scratch/mdmc/appliedAI/SEM/public_dataset/Complete_dataset/Powder/L4_bfbebaade40d3abb29bef20646bb2073.jpg,bb55f5281cbd40de9cad4b88d956b38a9cb352a5e66d86af617a4a29ccb6422c7e249544d7ae21bd045bb9dbe41650e5ef7126050afde34df00c7a8a0d044ebff7679cbe095c09bdff43b80713f8f8050255d689c3a356ed378034f3800e0caaec03ec28e7748b7a619652f7c7648bd1df9842b4817e872c4e8263e5f34b3973
L4_da1110140153cf542e08a92a8818a522.jpg,/orfeo/cephfs/scratch/mdmc/appliedAI/SEM/public_dataset/Complete_dataset/Powder/L4_da1110140153cf542e08a92a8818a522.jpg,f9de61bf6107a319c2176f8ea21ba03d3f1b00e6bc278bfb38e9f59cf0faaf8051dc1cc0e78fff03a349b8810cda690890a3809a52da8df4fa5b88a9d0975f6c0b221d82eddcb76915c80053e78904c868a2792d11d4525fb15593972f892de8f76b8872cae952df41bc8bf5083fcf7438d762fc3f2044c5ed2cc9b258b92bb9
L4_eaeb8a271d5a7f4ae98861e33bc694e0.jpg,/orfeo/cephfs/scratch/mdmc/appliedAI/SEM/public_dataset/Complete_dataset/Powder/L4_eaeb8a271d5a7f4ae98861e33bc694e0.jpg,e80000002aaaa8134afffffed5031c5795cffffbb55dffee6d771c538b5cfebe5ba30151b475faea6dae19578e1c3618807fdfef71c00141945fffbe4a2a0151905ffeae61814151967df0a80c2e1d5e13dc02198063cfee0be30151945cfaac0baf1d5384510a8801abe5f7925830b84c369aae928f555145608aa6828ffdd3
L4_3d953f4a25ecea3fd2f4a628031e0ee7.jpg,/orfeo/cephfs/scratch/mdmc/appliedAI/SEM/public_dataset/Complete_dataset/Powder/L4_3d953f4a25ecea3fd2f4a628031e0ee7.jpg,ac39bb404dca317598d0166cb6b0e5517bcaa651f1ec2c5839b105e8aba8c4bb4c08416b021964ad84de036a0215d616c8423fdd71ca1c6f56b0897f99b4829a2d74f13dcd03c1ec33b3696673cea510e3e73ca86f6c2ac6e59277af2e3fe2d50d7928c2e639c1f57ab362376e22e0206f728d71be7f094f1872f997f5a20f7f
L4_6a1e850300300c72005f222b907fced9.jpg,/orfeo/cephfs/scratch/mdmc/appliedAI/SEM/public_dataset/Complete_dataset/Powder/L4_6a1e850300300c72005f222b907fced9.jpg,bc921d6661c4c716cab56082b08e7bdb54a9a1a38d7ea189f25435ebdced586ca7299d236ceb7218c9b969d4733b46bf594f1f327c8f579aacce299b1358f9aa9ef6c708b124f7ff5d1dec3c2e2b4681a77d8c501d3187460946de09fb045ebd3499064680b1d892af9e92723ed0300fd07a891904fef7246a92c25ccae15843
L4_a2bcd1571f1bc674f54c81df2421754e.jpg,/orfeo/cephfs/scratch/mdmc/appliedAI/SEM/public_dataset/Complete_dataset/Powder/L4_a2bcd1571f1bc674f54c81df2421754e.jpg,a713fd576171fcc1884d0871770be48804fbb909e4677a8928ce3b9eaaa3a2300e9ef4f555609e17987275bc0ba16375d3beb759574164e6ad1471fda89784135b8acaa282d387533e736c51fe3c04441aa43ad54e9bd4e0c76c97ea2f2a1604fed5aa855414e32654bcc6acfea00b47f8f1e6cf3fb7a2a414fe84421f1e9e50
L4_d4152e5c705dbea912b93c65f9b73ed4.jpg,/orfeo/cephfs/scratch/mdmc/appliedAI/SEM/public_dataset/Complete_dataset/Powder/L4_d4152e5c705dbea912b93c65f9b73ed4.jpg,f79cb7f47b8b1674c94699e80cb47008b6f9d3bbbc6862fc7daa957bd052d95d7547ea5cc377460d4c048fdba6a27626aaba3fd62a601e13d07246587912e94cd44fb4a41d36ff52a406cf0264a92d037afa53d2ddedc5cc1b830d41a4391ad30f024a1fd9ef9d6f23c771add2bc20685d831fa5d0f100d04b96e82ee22c254a
L4_6f671d72e71c6e9de273d6e43ab99622.jpg,/orfeo/cephfs/scratch/mdmc/appliedAI/SEM/public_dataset/Complete_dataset/Powder/L4_6f671d72e71c6e9de273d6e43ab99622.jpg,ee89bea640098e5b807e7c1433760c95cbad6553c5cb49103fe97b04dba232ad5eeab5b7fc09a90b68d66b28ff891418af26748829a63ae5d1bdc22f30a71597d44e244e46b911f3f7e0c72a7d498e425ad459d7feacd79e2b13997cd8974af418a8a0649390e7197124ad10c67624c48c2db19fd62d46de3bf518adeacd290d
L4_65f08e4358f7b7560ec29d5c74b890a7.jpg,/orfeo/cephfs/scratch/mdmc/appliedAI/SEM/public_dataset/Complete_dataset/Powder/L4_65f08e4358f7b7560ec29d5c74b890a7.jpg,f9b0965953711158b4a6b099da1f77a003b8e59ed181553a1a09deb6930b8fbf2757fcbe51bed545e311594727d1431fd5db98fa12b278d20c027805e805d026056ff72efae2639414ea29776865d073dcc6aa8a55b0ab31fd6bdebc1a2359f60049abe2087a67e9ab06960f6f428f61e9939b486dbea60a2859ab159cdb1a6c
L4_77ad9debf920fcab65c67897d0ff26e4.jpg,/orfeo/cephfs/scratch/mdmc/appliedAI/SEM/public_dataset/Complete_dataset/Powder/L4_77ad9debf920fcab65c67897d0ff26e4.jpg,a0fc29ca54976b6fe58fe5f36d928c05c71744fddf4e65a8e51853ec3cb471dd0d7d03139900f67bc9a12d1242e843981ddb37efe47d212750a2c79e0b4788e4394b7713d6ee55a8cf4b6f4b9a40f55572d6954106c9f11cc719a42d21572643607b345c08334528d6dec2d63ab511033231eebac78b05c75c675ad8f64c95f5
L4_4cf515b517627a644bf90926dad40906.jpg,/orfeo/cephfs/scratch/mdmc/appliedAI/SEM/public_dataset/Complete_dataset/Powder/L4_4cf515b517627a644bf90926dad40906.jpg,a83d2db95a3c3971d2965a7a529b4a5af9a5d2c2d4e962c3253952f2d1ce5cb02f6b14bcd2d2d6ac2196d587d9c7356b36030c592d8ecf5add2f371e26861e55d1998e3424f666159669b1cd29856d619697ad988635b39e23ad4cc5e4267a7329e9273c960cf48d268e71272f8f21c9882d8d48e37b225261fa6b9a8ce99c96
L4_07175097cd741213cb5fae89589742cd.jpg,/orfeo/cephfs/scratch/mdmc/appliedAI/SEM/public_dataset/Complete_dataset/Powder/L4_07175097cd741213cb5fae89589742cd.jpg,9f1d22c96ef3733db1d0d7862e4f3c171f4c521aed31e1a301b6d2618c343b7933034f13d1e3d63c169cbd368f8c73f5da5013087b3d2d13d2e06efe6d24a5b0c64fa5272de1b77db6955b31140616ec66d8a94fe6cb6613541fc4d8b44f94af68cd3bd55c2b22850b9bf98590a6d24f6f27bc84d2c2030049157530b738692b
L4_8dd1774b29b9d125dc1eadd89c1f3c8e.jpg,/orfeo/cephfs/scratch/mdmc/appliedAI/SEM/public_dataset/Complete_dataset/Powder/L4_8dd1774b29b9d125dc1eadd89c1f3c8e.jpg,e410fc5049615a42ea96564f30de67c8d7653c9fa8dc69cd5a248a43b163b1f62192b12d946182c244cb07d3e379378d858d8baa3ddbd4ff9a548a256eb836f48cafdbfa1244332184c730796bb13c8f109461cb9d3d607f7ec50ef3915a9f6a6e3cf453be2680ce557ad1ecfdc879400a6b783c8c11e7257420ecd0973362ff
L4_fc93c1b4d940da036bab407ee3564389.jpg,/orfeo/cephfs/scratch/mdmc/appliedAI/SEM/public_dataset/Complete_dataset/Powder/L4_fc93c1b4d940da036bab407ee3564389.jpg,dd10fb2203c5b6f8cecde0608c26233f62bf13eb436b295a41e32b48bb8db28358ad43e6a0c70fb05f67ae4d95b4db3c92c117276e7b509181e4d9f65f84f91789bf85fc6afa84629b4c9090816cdc990eb9a6d3d5bb68d266b91b5bacc1cb48792919578b35d40a998ddc38272c3e5f2c2589baad34b2185a565b4fa097c95a
L4_f12201b5e589bb240bed551086ea093d.jpg,/orfeo/cephfs/scratch/mdmc/appliedAI/SEM/public_dataset/Complete_dataset/Powder/L4_f12201b5e589bb240bed551086ea093d.jpg,f29fce827e47ca668dc35387f118156017ff158d942df8933ab8ec148f66ef0d008c73fb560817e8c1f5216072e7e78994181f7005400b9e7c6de2fc9c7ed91e2a2d1344f25a0b8e43ab0545011bf19f86b9ede843839072ae55807c7abb437f3fe07c735a0f5e7d80f5a51a5b97bea39c5e92dcc018007b03d7984a69d7de8b
L4_da39926d21414a0be3d48680eb928228.jpg,/orfeo/cephfs/scratch/mdmc/appliedAI/SEM/public_dataset/Complete_dataset/Powder/L4_da39926d21414a0be3d48680eb928228.jpg,f9dd32cb573d68de83ad800e8b54ab0c54c7bf90198ed5f9aae06f824d5ce0dde25ebc968527631f6714da7c78aec8203b5b73c8d01048f5ae1269db85cc5b72b32044ade7c8485ecb65d3b96e758511df6a9f85a3da9e4930fc524461de72f346cc9562f4918f00a1d36a392d0da0073d50fb6a8840b7fcdb60d2db9cc668e1
L4_f88f24bee8f0e14b24523aae257a6d5d.jpg,/orfeo/cephfs/scratch/mdmc/appliedAI/SEM/public_dataset/Complete_dataset/Powder/L4_f88f24bee8f0e14b24523aae257a6d5d.jpg,c05cc2aa17c07d57bc15024cf8000d07b00c0041f0c00e04602f0053f5505e286aab8053efd45ea86a2f8151efd83200ba55c1fe4faab001b75cceec4bab3953b75583a84babf953bfdc02b84baffcca6fea81d9cd9bfeee4aa71551c7f2aaac4babfd574ff002ae482fffc74fd82279482ffeaeabc0115b40faeeacba855d77
L4_14fcfbb17e986df29d4803d30766df8f.jpg,/orfeo/cephfs/scratch/mdmc/appliedAI/SEM/public_dataset/Complete_dataset/Powder/L4_14fcfbb17e986df29d4803d30766df8f.jpg,d158da7e715bd553837965eb5f39fe6fd23110c3a38fa5cc27a33189fb12ab270bc70727ff26be28383f51ded45352f79f2e16e3087e5164ecf0128806b86940df3ca8262169fc67bce298af198210df43db7cda9603e9cb1cf14d74d4f96ed58a357a148330e3de661c1f7f078638b581097114d925960626859118e7af0441
L4_b1e7e49919d09bc68697d8ea8662654a.jpg,/orfeo/cephfs/scratch/mdmc/appliedAI/SEM/public_dataset/Complete_dataset/Powder/L4_b1e7e49919d09bc68697d8ea8662654a.jpg,d411944cb56b1031aff44a8cc35733632db5d296fea174ad0482c3f4e31b7ab42f3420c5ffc781784ac2a6cff52c052bd8dfe0560f87517cb7e742bc4fe98691a35eb3273c7b5070da01e43821a1473c62f20a0ffd063bff5b6f89f7e86bd6c56f90e768fd7787d2290f950771b2308b24508ce0ff78d2823102dcf4a00f8271
L4_3100df12cbf6e16b4b4239ba4291717b.jpg,/orfeo/cephfs/scratch/mdmc/appliedAI/SEM/public_dataset/Complete_dataset/Powder/L4_3100df12cbf6e16b4b4239ba4291717b.jpg,fcedc90579eb00018e043f1e1f96bf902f0e8737afc447132fc003ffc6f9740906f7fd41bbf728102ce508cac8566dfe05fe71ff6c636a579207c2e40817b017d8efeaf86d48fc1f8d9910ad4a01536e4cffb490dd73a90401da3d08f006beed4c273ff4706427c2ed230c4926d21bca608e7f36913ccde40d11b0e6b32877fa
L4_5a1f7651786c3398f1b8a6c67cfda0ed.jpg,/orfeo/cephfs/scratch/mdmc/appliedAI/SEM/public_dataset/Complete_dataset/Powder/L4_5a1f7651786c3398f1b8a6c67cfda0ed.jpg,cb13c1715170f9d894d82a08430504d0ffc2b23680664f5f7c21f3f7e0e5b0ca4c0a70c3fd3820f25d7eb861cc2efd79dfc63a5a0f922991da0da9a06bdc5413f05971ba27934b7ef1b084ae3438941520924a68f8534a4410f5d51c3b459bf37f4fec948eda3e74ebf20b3fcf43be141fc50c7983c51e324dfe9f2ec9c75b0d
L4_27d4fd12ad3cfd9be3a43bdec5ba779b.jpg,/orfeo/cephfs/scratch/mdmc/appliedAI/SEM/public_dataset/Complete_dataset/Powder/L4_27d4fd12ad3cfd9be3a43bdec5ba779b.jpg,d7c60b5ac1f2035cc0b7b7bc08c5ad7f7b8c69cc9d8b1eba49231f98b104e18c72bd7421a3fb15f81f2c0a5f9bd80ab3fff8d12863b865f4a330791a7faf8f138c2df681638ff4c3df6cd91a4122fed729b1763fe8372fae430480e5f603de01206303168de818072ac8bd4b384702ca63680aa79efe3109619623e4ac3f94eb
L4_434093649fd7a9ee046789fdf7921435.jpg,/orfeo/cephfs/scratch/mdmc/appliedAI/SEM/public_dataset/Complete_dataset/Powder/L4_434093649fd7a9ee046789fdf7921435.jpg,e893e6a14990e38bfca04beb314cebe333fc1ca1d7ded8bd19366def9040e4aa1fc292259f88008d3695a031a0fde7119176ffd5330f9877c3a96622206191319f62f81406a15fda0eacf6e1a72dc9e54799bac029ecbe0d2e0ed859ebb2f2fe7a51389c45773948292856ff269ce17c4ccb8231c9406fdb0717f85b999f4852
L4_aff7203b666a1f4237e513b72441858e.jpg,/orfeo/cephfs/scratch/mdmc/appliedAI/SEM/public_dataset/Complete_dataset/Powder/L4_aff7203b666a1f4237e513b72441858e.jpg,97222758feefe0cadff6c27f3d3848db4db6f146e55df9a7023c15bc84dfee7a0cd67b3f554b5c85ea207c987f105312e0dada5c002b6f75c8701c068656db8a7730874ff4b82b88701e6242800ff0f31e0a40ad3225919aefde861b6f418d7ffea627f1d6b53ea65627a103ec0f4160f87d17a11008aa6ebb89a24b2ec00ee4
L4_b98c56b72cd2170f1b4e0ac31258ea3d.jpg,/orfeo/cephfs/scratch/mdmc/appliedAI/SEM/public_dataset/Complete_dataset/Powder/L4_b98c56b72cd2170f1b4e0ac31258ea3d.jpg,d123fb15f029d730b4646fcc0d25d34eebf1b441e6cd66204a2cf045cbbf54526e279443d41ed6e017c2ed4a956c8e3df1dee2a92d9b2cf1be848d3018e2208ee1691226358405f6dc9fd7abcd63be2f29e4a51bf0617fe23559a37655966e0a09b88e90f464baa368979d15ddd60b40c839c9e7c69d755e2dd2694ec657c441
L4_d460493ef5e364dc6e95bd44f9b02cfa.jpg,/orfeo/cephfs/scratch/mdmc/appliedAI/SEM/public_dataset/Complete_dataset/Powder/L4_d460493ef5e364dc6e95bd44f9b02cfa.jpg,ce1f6a222a2f4ed1b0607d5597527b31e4d5fb97ca3c7a5d0de262dac6d463a342b89d0da522dc7b072d4263f3c327a86073e7205eed0a87fede9ad84b84392391cad8ab59fe180293baaeca81aac6fbec08c613f48460825df620b8fac91ba564c702e3935e9c062726b82737fe47380155c74ea9bbd5996c8537e6a4521fd6
L4_0f289cb37b76be8e46d1b8e68b965588.jpg,/orfeo/cephfs/scratch/mdmc/appliedAI/SEM/public_dataset/Complete_dataset/Powder/L4_0f289cb37b76be8e46d1b8e68b965588.jpg,b97aada411f38749c58b2ddf3c9e8755c10bdeebf5885dcd0528cc4699af7e08478f191582979a7d090d9c990538a274b390a0372c12ef9fc6e695dc1bfe9ee196e514490a33752d97d3658846cef9a26de240bbc861e4f665b5f172e1939032088aa4c5b3d99cf15cf269fdee83c598dc821edbbc811d130ea2cf26a6dd8246
L4_6587b3abf368bf43b7648f0637cdc638.jpg,/orfeo/cephfs/scratch/mdmc/appliedAI/SEM/public_dataset/Complete_dataset/Powder/L4_6587b3abf368bf43b7648f0637cdc638.jpg,aa04edea16075bacd99c7282ef243af118a9a4ebd416bacc15cfdd759089b16d0ae36ea42e75315bc2214fbb291472c6a76f2c9f7113770b26a86f56956bf54d5f1ac21dfecb66485620c186edcb4db7f4fac05908227e30550c92a7049d38d8791790bdceabd9f627d5b0f15184ace9a8dd0914113c4e97ae8f407c93cb076d
L4_d610c39ac1f1147c268139d35a594655.jpg,/orfeo/cephfs/scratch/mdmc/appliedAI/SEM/public_dataset/Complete_dataset/Powder/L4_d610c39ac1f1147c268139d35a594655.jpg,fb951e9937ae5cb78103883eb1a9f60527f53764dadaee9110dbda55bc763ff178398f5f6df35b649c12266e7827058ab59a80072a00ee76d20e57ee5e60d8fc07daf9d4928f10381d862985d65ca8e057c734561f5389dc86653b9a4e5ece13c622ce24a7a41500ea38e01d33da43ecc23495783c7f7fb0f20b731515078437
L4_2cda207df8b01353490cb6cbd8bbcaf3.jpg,/orfeo/cephfs/scratch/mdmc/appliedAI/SEM/public_dataset/Complete_dataset/Powder/L4_2cda207df8b01353490cb6cbd8bbcaf3.jpg,be9046b3716243e3caf5f559ba8b5b68568450f80d2eb050a35290ec5e743a32a395c4333630da1c4ce5b58e83bc3472013bf3065b0d0fbb6ce1434eec879c4973e9bc81ceff09fcb0e25861d10a8dab1c4379f5e26e3cdcb699106b8effbca9c9660e8c7f6b11b5527524f6c021e4dc26a53bf3fbe1aa20932d0e38b54bb2e5
L4_ff65c53ee2cde4a410517a35886e188d.jpg,/orfeo/cephfs/scratch/mdmc/appliedAI/SEM/public_dataset/Complete_dataset/Powder/L4_ff65c53ee2cde4a410517a35886e188d.jpg,ef82977daebeab8ba67d58bcb1deb423b0f06ed49663d9215df81415d4da698675e738d3c0e0af680ea550d2f2751eb9acf8f3585e8b11b7b0450eae1e0bf356968d065053f16b369648a8da743b446079090865ba1e3d3f3afa8426923fd815485f110980e5a07988643b7cfe3baa625d6bcae48037300875f082de9bf5ddc5
L4_fce872da9b95fc1d92588e688cd57607.jpg,/orfeo/cephfs/scratch/mdmc/appliedAI/SEM/public_dataset/Complete_dataset/Powder/L4_fce872da9b95fc1d92588e688cd57607.jpg,fff4ef8f2a57d9169816f8307f943cfe16f714a792996c1d7e82fc53d0a412265ae580859644f3363c8ef2d2a660a88fac16fca54c9f79bbf43fe3ae6f8e3ea5c72bd6c324a001f48198a1703f9d1f096d8f4688c80740aa2fb66b0789f4ae1e2b25e537f8034b2c04ac53326c843ffb85023f1c879311003fd24ff3b05b855a
L4_ec11fd9130eba05d32eb6a979c7ac8d6.jpg,/orfeo/cephfs/scratch/mdmc/appliedAI/SEM/public_dataset/Complete_dataset/Powder/L4_ec11fd9130eba05d32eb6a979c7ac8d6.jpg,ade6183137f38f31d03995b03f8a36c1d1fc640dcce7833b29307fc0d313668e23e64913de44f398266dd37ec6244ecfd99826660bc1939fda7bf3993b9b3315d0396f3c33e05257c7efc98b2e52fdb63c0cb133c0cccd991d933019f3b33362313cddeeb86802ce4841ec9e9e42c6d865f3c3a2c235a7700d047a4cc3604356
L4_4a28f2101ed99c59b517e504b22e2b61.jpg,/orfeo/cephfs/scratch/mdmc/appliedAI/SEM/public_dataset/Complete_dataset/Powder/L4_4a28f2101ed99c59b517e504b22e2b61.jpg,fa5af1df6e5e9d1a86154dbc0b5262c52f310e31d659c2764ea8b85bcddaaca82aa82d0dd8c4af0b3a8e4d07af5cd928eda5b49877b23c75e262fa2073cad187a68fd7921f118743e0554fa2c0d36a3569cfe792e90fb9f8548ba81de532546669655433f2eb9887a810c98fe687a2121ce669d8c5b834d043c9a4d68a8e69ef
L4_1eeff0478a8cb1e70864eff1bb65ad26.jpg,/orfeo/cephfs/scratch/mdmc/appliedAI/SEM/public_dataset/Complete_dataset/Powder/L4_1eeff0478a8cb1e70864eff1bb65ad26.jpg,9305b8ac6b97a929caf6bf0ecb6823cefee83d90acadaae07c0eb1f69100918601c50abdcb4ceb7b0be087f3a016487d063cc6741f3003d6b7775cfe707f0767928b932c004df182a3706bca7e0a3be489fff3a0b43cc11461d9691dd93b46ec4a42745ff2c4b29ad13bb2110a64f01b2d4ddcbe8795de054b724e69ba8d796d
L4_4288e0e7c03c00acaf17f3f87acbaeb5.jpg,/orfeo/cephfs/scratch/mdmc/appliedAI/SEM/public_dataset/Complete_dataset/Powder/L4_4288e0e7c03c00acaf17f3f87acbaeb5.jpg,d46a083bb0e150dbe95af7578a718365477725642981bd5e9f05c1aad9a78f507f7f2c1271fd2d1a4ed0a362067c197fb2a87d32b1caa032039b540478b0251c4250c337860e590ffa42e5c0b2cdd53cbdab9bf84f773899b55aba146a580d87500f4034513dc512f157ca32dd2b7e52ce7f521e3bdefeb5d8ef73047d354246
L4_6a4678653994af3bf04e7b4fa4442aaf.jpg,/orfeo/cephfs/scratch/mdmc/appliedAI/SEM/public_dataset/Complete_dataset/Powder/L4_6a4678653994af3bf04e7b4fa4442aaf.jpg,cc7fe8327f99f45bde16eaa30f37b3172f1d2a19986c71384cfe265ebcf0c44c7c44c81bd11cb21f03edcd87b1d10b6f8b9b54ac5b3a556dbb31707943638425e7ce0dce4eaa3bd5b8e2b15e64488b5b4884fc1d9245c99f9d788930e27a5f32429a725674f1cab081689b51ae636b3602c4784593ed665f43e20134bac16b12
L4_230d950a55b9f7fd0c075e226a2d1dd9.jpg,/orfeo/cephfs/scratch/mdmc/appliedAI/SEM/public_dataset/Complete_dataset/Powder/L4_230d950a55b9f7fd0c075e226a2d1dd9.jpg,b64c93361296c5b58d936df82d536ed15268c3ec8d86dc476f369811d36dbc6c2e493a4fdad3b2ab31a429b78d15ee77fef976ed3f3f9740c80cd79d3ebe2569d74f4ad83383b554a832412c5c30131433923c1d8c8a4c4a40c8ac10d128daac2e97c5b276ab3156860e11603d8c9c854df6f377d7ef679170b2256088c871df
L4_68c8a1843b9ca5efd6769cac568a18db.jpg,/orfeo/cephfs/scratch/mdmc/appliedAI/SEM/public_dataset/Complete_dataset/Powder/L4_68c8a1843b9ca5efd6769cac568a18db.jpg,d74a7772760001e6fc47ddfb2456b381f42327a0e075ec8d60d7f6a4ce5683a01fa6ca59beac505249584ff386438d6f2a0edd5366160e68ba27062c0be9e45a95de95477def7d69b95bbf662cb247ce68a26fa3df23ceb04db449d4a5387aee767b2653c5385590c9219f2c48b0c45869950043b9b8888c74fadda9b2341632
L4_ca56f685dae99c2451b73c18b846f836.jpg,/orfeo/cephfs/scratch/mdmc/appliedAI/SEM/public_dataset/Complete_dataset/Powder/L4_ca56f685dae99c2451b73c18b846f836.jpg,a5b6b92a0daad71b893eca37555ad163bae16b45bcc4f6b921c4b1e58c8419dd26558b1dfa7bf65c0a937167cf71d9b5d9d1d62337494223e04bfb545b15fa5bd676e46f47e834e4c8dc53c3103a73e03b534540eb790397251c6331b75d8c7179664fa752841927a3e2d3c5508851e6d58580aa8c8fd2fcf9264c84d08d0d44
L4_934ad80ad004528342261bfa80c36861.jpg,/orfeo/cephfs/scratch/mdmc/appliedAI/SEM/public_dataset/Complete_dataset/Powder/L4_934ad80ad004528342261bfa80c36861.jpg,969121aa16d02043f00e92bc692ed6d549769eb168aaefae02eb39312085274e6969124979683dd636426e4536ea7fac0497adad6f70ebbd21e737f73660b1c92569639c776574610a85bd3631ab4f850af675da3f725bfb1442408c4bd73d566c615cde125064584cf2ce5c03f0fe9f28a5196f65fdeded1818158d1a95cf38
L4_d3b495f5e029ee256449eb379867951d.jpg,/orfeo/cephfs/scratch/mdmc/appliedAI/SEM/public_dataset/Complete_dataset/Powder/L4_d3b495f5e029ee256449eb379867951d.jpg,d764f10a46613468ff09cc1421e7f43933f62ce98d6c44fd589818eff097b04d271ec6d0bef08dff1c341e589f066c3ed903ce0648078520c0fe23504941e24fb248b3ba61bfb5988b631ad84eb05fa709b97a5b8b5327f36f1db5b19b9c80bb66f941da81fddf6d07e19b19afdf86004d907470b36c9b606e25c487a6d263f4
L4_e6156c538ed8df778d5b40dc4732491d.jpg,/orfeo/cephfs/scratch/mdmc/appliedAI/SEM/public_dataset/Complete_dataset/Powder/L4_e6156c538ed8df778d5b40dc4732491d.jpg,f1e376a651c872aecdcc736a08f97da283e3dd76bb5108cd7ec17399c097b299468da0d6e1e96b1867be24b19b5c8ff6898f53da4d66ccc7831e9b375964c629a168d46236876b62a0bd71823640c536a6a79733c7711b12c0fa7361ac0638651bd63c66ee2f410e0b606d5dd50b16956ceba6c8a6795ddd55f0fc02aa180ad1
L4_f458a4045be9c0eafdd8135bb0d789e2.jpg,/orfeo/cephfs/scratch/mdmc/appliedAI/SEM/public_dataset/Complete_dataset/Powder/L4_f458a4045be9c0eafdd8135bb0d789e2.jpg,e51c4c3e609c2c63f82ef52d073aecb6093038d318ee734d09c66178cc19eae62c1dd445e7f06e2b5e66b6a0da0cb7d4d250c7d8397af63ffb99d2067447cbaaa75724e948d1193bd2964309bba67f2118b924aed10da90a5ebe3fd098f5a8da0b097ffcc2574b12dab2ac059f389a614d1ab3629496145648b83ef1f365e585
L4_28b305b5f591c6886a0cf9d9a5adfb39.jpg,/orfeo/cephfs/scratch/mdmc/appliedAI/SEM/public_dataset/Complete_dataset/Powder/L4_28b305b5f591c6886a0cf9d9a5adfb39.jpg,a0c8ffba295a5cded9dcb09f52a1899f477d2a52f2550b2e28dea125e8ecffdc252999bde6325cac2994d51bd45a352bd50a6e5506bae25fc91b10ac49c52043b534e64d2e42e513e30ccf092ba3e8564ba728b5cd1dc097136b431af767196a0b189423af8ca5386e2eb1c4acda95400e3d74e4fa95737d5dc9bac7bcb80e52
L4_17bdcc5bedee4d7f77b40b0f9669f8c4.jpg,/orfeo/cephfs/scratch/mdmc/appliedAI/SEM/public_dataset/Complete_dataset/Powder/L4_17bdcc5bedee4d7f77b40b0f9669f8c4.jpg,c7b36bb33aaa55d1b10cdda707ac69192e23ba4bab6cb6f47bccae30b6558e982c23c776a572ec322bf9ad5990c8bfbed4e91a2a7b4fec07aa4765c8634f6785e84de279215b8d50c4e22eb912a119fd3b8be9399d01ed072251c1e1d7de40a748073fb5ebd182c8e38d47d819289289d41e9c7184efe6c4a1b19ab4d4f45000
L4_1558626e2682946033b11ae63d048840.jpg,/orfeo/cephfs/scratch/mdmc/appliedAI/SEM/public_dataset/Complete_dataset/Powder/L4_1558626e2682946033b11ae63d048840.jpg,9c8c903bafc923c563e1f53c35bd8df098701c4b0de2e82d241e0e2c67988bff58eb97c2de7953e546b81ce1414f6f624998e84076610432995721a85887dac6b7cd5859cfa5b0fc52388ba0a00fa7de745e3c7ba293b8e60708dc5cb919cfb7e07eb7448875430f33f60537304b7d604f283b9c7c56bab1d8fa685781ae7cd9
L4_6e521640b2fc65c77506cb928e81f762.jpg,/orfeo/cephfs/scratch/mdmc/appliedAI/SEM/public_dataset/Complete_dataset/Powder/L4_6e521640b2fc65c77506cb928e81f762.jpg,839ddaa9439db24fc99bfd3348c992637f352ad9d9dc4a360a526e54d0b7064818a81bb1e7494d95655e814df5dda164802996d53c73e481df2dc94d166fc1fde495b54e7694d491d80552b1b64328ee361e9a80feb287a113d219bf9d38c93c2789f41175a2cbdc6c937d91b6721741d2fc3032e0b5f80d6ab7492e87367e16
L4_5c1f9169c76f78a4995332a12dc1e1d6.jpg,/orfeo/cephfs/scratch/mdmc/appliedAI/SEM/public_dataset/Complete_dataset/Powder/L4_5c1f9169c76f78a4995332a12dc1e1d6.jpg,f2aab9a42dd491128cc48aa098a329b98d5bc67aa3d2813b0c94e993ed2c46ae5a1e2464985d8e3a7fc5ca99a16457eab47cd64e7af8b61f9cb1f207720b1bf99d35446f431f3f72b9c343198c505c91529df41dbd007c7c44f224e2f415f15229f9597ff656d8f00920e86d7718b5810ce715dcba65f45540fe1f8f8c77fa10
L4_19d62e8cbcd27d97cab06b631cc59c68.jpg,/orfeo/cephfs/scratch/mdmc/appliedAI/SEM/public_dataset/Complete_dataset/Powder/L4_19d62e8cbcd27d97cab06b631cc59c68.jpg,b7d4e0ab3ff808d7c06e03e8904d68fd807bc56ac95ff0466eb5f01fccb2b04350d05d058ca92e2157cf3de4b51ab2808e5280e86b72267c8ef57ead7787b4648c45680e537a27759a699bea33247615a95e80a1aa55a97e48ecad1dd6b5576211a95005d75f44ea492ab75766a5ddd8a9b68b81ae576826a91aab37c6e54cde
L4_1efa52231d77add57c00a18baa18be1d.jpg,/orfeo/cephfs/scratch/mdmc/appliedAI/SEM/public_dataset/Complete_dataset/Powder/L4_1efa52231d77add57c00a18baa18be1d.jpg,f28af90865630546a9cadb3298f169c22a855665d4d916af78101c1bd823ec57780adf94ce000cc8d956abc91fcec319875502c3069bfbe3e9b0afe183b42e3501f93d99ac62bd2159ff8567bc17d66546a14b78c3a5b33e8b05b2da5b5649b212aefe391b8df6b299cf49232d86989fa2fb4817ea0a0db2941c35fa357cd7aa
L4_4d8af1dafbe2f59cf8d4a749030b60b5.jpg,/orfeo/cephfs/scratch/mdmc/appliedAI/SEM/public_dataset/Complete_dataset/Powder/L4_4d8af1dafbe2f59cf8d4a749030b60b5.jpg,c048f6ab116277b7e6d9e8d84881f00e6bb0abbcd03c49093be9a640b471c7a65e9b7153d3d3cfd479b84e7c9e442407c93d316f6c7a00efbedc7735212fcc11d59f6a230a46aff3afc2f16b276a694b361487c1b4fe32673f6d5503ae44e42c370a3a94a11608f28ed2694516f67f1726156687bdb0b75f5920bb68883001cd
L4_74bd7dabbfa1b80d7d3a5c542220b702.jpg,/orfeo/cephfs/scratch/mdmc/appliedAI/SEM/public_dataset/Complete_dataset/Powder/L4_74bd7dabbfa1b80d7d3a5c542220b702.jpg,8db0de399e3e01259fef56af5dd7fbd9728ed2c4428c1c833f2bb323ba7e012943fd0c1fe739720443ae589084373ee1c46dff15781bfbd9af41e94d0f866ec581773d5a2c103760d3c1a339c20631fe424c80f8e61806ed4cfc4c515862d0e50a8f5009f33b2e43bcd5ceff5fe6db0c2f87ea48c435cc2645567c98a30a44f4
L4_a3e62bb2c7a39b5431ef19381ca50f76.jpg,/orfeo/cephfs/scratch/mdmc/appliedAI/SEM/public_dataset/Complete_dataset/Powder/L4_a3e62bb2c7a39b5431ef19381ca50f76.jpg,e6e6e3de788a63c7fc8dcaa0560da8ae184c839806c87f656f6c75b5c17d16c54a9b5a6bbf88832b1f2dc3530d312bf87868310c35ab97d3d0b3d08707d184f8ce79bb042715fdd1dbc27242494607345ec926849634aefe3631167e9b92b9f8a2fd985944ba8a1baf31d1521ed2d888279c67d9fe0231183723e7acdcaf26a4
L4_c9f01f7b6b9af3914e448de8aee47d8c.jpg,/orfeo/cephfs/scratch/mdmc/appliedAI/SEM/public_dataset/Complete_dataset/Powder/L4_c9f01f7b6b9af3914e448de8aee47d8c.jpg,800e78f707bc78dcdf8868e83c06f7b7183e580483d00cfb0c83f8f3b5fff09226c383bfc0471e6cb52bf7106e81e07086be0b3859783c74e5f0d23cc0605ef20b0e9346a73c32f03d26050e816cbe03475fbc0c176806dee41dbf6e267d6fb0d6cd9c01ecf5006c368f1ea70e3a61e7f1d6fecd3b474bee981653e45f5a3822
L4_12d4d006779940e05b11e393b6a6b555.jpg,/orfeo/cephfs/scratch/mdmc/appliedAI/SEM/public_dataset/Complete_dataset/Powder/L4_12d4d006779940e05b11e393b6a6b555.jpg,d9abeaab08f2fde8c734158a3400a0bb33bb9c47b3df77487dc567fde1c4f7cc09692276e04956e46244596bc7761b93966c0ced7701e8598fc4c8621daa9323d003813a66fbdf37d074d98d7d25648800c12f43e79fbbab1bb5c057d791720938106d42dfd832bcd1895f1cdedc050048f260a5921525be1c3fe8aec7dfc0ad
L4_fe6f8da92da8fbb76a27f41d61436396.jpg,/orfeo/cephfs/scratch/mdmc/appliedAI/SEM/public_dataset/Complete_dataset/Powder/L4_fe6f8da92da8fbb76a27f41d61436396.jpg,83e8f8304f0b4cb3f4114aea33e8013f13b354e5889a7fe22e868879c2e5a58d1ad2fe41e7c605b819270d5ed7531b667a528f4121f0a1508d15faec7b9524cdfa5e3ddb42b753c1da2494a8ed40f4b903fa8621cff2d7d7252f13a39171520f67a2a910fd3deada34f9456ebaf4d94b972f289e8cca005961a6a5a0be3e4dc3
L4_b03849a8b6ab1bdfd7d51230d5cbc823.jpg,/orfeo/cephfs/scratch/mdmc/appliedAI/SEM/public_dataset/Complete_dataset/Powder/L4_b03849a8b6ab1bdfd7d51230d5cbc823.jpg,a558aa2e21556421940ce2132dc889757e2aadc169da9a247572e548e17d45ce0a5dd147e2c0150847a29a2fcb37b229c267ff281e1f2eeabad540af30d81dc8bb83583f5fd4975aa2c4de65313de74b22e003fbd0102eec776f0232cb53c6fa6eb9fc57bcdd801608244aff9d8f9e3b3f251a46baf370c87478ee1da191771b
L4_2d56823aaca8a52b777802dfe1e60467.jpg,/orfeo/cephfs/scratch/mdmc/appliedAI/SEM/public_dataset/Complete_dataset/Powder/L4_2d56823aaca8a52b777802dfe1e60467.jpg,f18106534c58211ad0432e706dc1fdb013a667b1cc5540ae2fb5525dbf6bbada05dd0f2c62f3e5038bb769016cc19c53d964dd06c269e1587d5988fc8337a6aa03e78f08dcd46f595911ee0725df3c6f77a9191c2f8cfa96ee18cadc3c5ce6c6e6bcff4c99c2d4afcf83918b3fa70786aedad11c3bca1228e0880d6501686575
L4_43328c779cc3ffcb672dfe87883e677a.jpg,/orfeo/cephfs/scratch/mdmc/appliedAI/SEM/public_dataset/Complete_dataset/Powder/L4_43328c779cc3ffcb672dfe87883e677a.jpg,a4414093284f53bbde8476297c603207e0e58a908ced52c0314e1269bf8636f21e8d6405cb5ee17c7ac9e937f910676b81ddaed93fef6cb3903a846e3c1039f185fb47297fa6aa52a29098d6fb2781ff04f5a6cef1ff1a2f1a0ab85aca2efbb40bf2d693bc61916728993f09738daa380bec9ae4eaece0aa40b0eb8cd6914715
L4_d091c05efb2a5d431d2f0d460482c671.jpg,/orfeo/cephfs/scratch/mdmc/appliedAI/SEM/public_dataset/Complete_dataset/Powder/L4_d091c05efb2a5d431d2f0d460482c671.jpg,ffa7888edfdd6b7b805473b89a9c15d787fa86b996698e0c0e2b9c5791ba747a2eea195797d6d6ab0f1f335f86d5718c8c59d99f29d5e47186c70eac2babc713844cef2d67a639e38afcc02c5673c42e1a1b8c41952c58f01de7230f3b059e2e1aa178d30e70f0e08cc7c654050e12070dcef1e13a7a0618193a43a7a709d7a1
L4_e6b9e959d8fec0ceb5b6546993b23336.jpg,/orfeo/cephfs/scratch/mdmc/appliedAI/SEM/public_dataset/Complete_dataset/Powder/L4_e6b9e959d8fec0ceb5b6546993b23336.jpg,983e6af10e3b93539c29b99c024d6cd699789922e99d493120f5fe59b69c1f2f259e2d51822af7743a04e52d9fc13a01bab734892880413dd5d9ae401aeea8e7c8fb5324593bd191f336472135a3ca263238e4cbc32c5c9933c55cffd0fb2bca53b033563886b4b6380d7f7c5dde9bc38d94a3d6d774929e4aed326be00ba612
L4_3eb6522cee897f3587650bdb50e5d8f1.jpg,/orfeo/cephfs/scratch/mdmc/appliedAI/SEM/public_dataset/Complete_dataset/Powder/L4_3eb6522cee897f3587650bdb50e5d8f1.jpg,90bda6ee3bcba3a2ee0aa47971f5fa569c2a7375e7cbc136071b7450d9f767a626be1665b9df93c848ffd3b8e2f46c1ff9510811705bb58581d170fb17ab0ec1ad8b9b04694a10cff70cb4db90e29fdf48f20d7cb678351470909843d08439e66fa8fd844ce407a1c19f314265f0c2394e27cc340a3c65997f168f6cad040253
L4_6f07aa3a0318a0d32f20f05e5273ad17.jpg,/orfeo/cephfs/scratch/mdmc/appliedAI/SEM/public_dataset/Complete_dataset/Powder/L4_6f07aa3a0318a0d32f20f05e5273ad17.jpg,e4e9db22533e0c975b3617b82c997b7e24cecd3a8b44122b73868141d2f024e52c39f98cc7442b8827c31f3198bade9bbffacedf679057df818ef2fc36e521edcc9a80402637c011d3de4084f04c498488698effc7014d6fad9bf900a9f813a2dc0cb87bbcf9f079d3d5fa30bfd03d20ec368fcaccab4ff204c3326097b36114
L4_5b5cdcd47851fc512d28465a9ce0bb85.jpg,/orfeo/cephfs/scratch/mdmc/appliedAI/SEM/public_dataset/Complete_dataset/Powder/L4_5b5cdcd47851fc512d28465a9ce0bb85.jpg,d5a8306267a99bc19aad7a1e1503643031744e85b711ef8d1c9c212ae9149fa353853674f2e90764792893b5bb155c8db4c7d34b1fcb7197e11ec8ec17a98370f0fed0b42d3fa8d3e05ac0c820ebf5c7764bfd549339b9fc35e2e0439d27bc5f4b62942da7b1210e18fd0d057340c3e85c52ca78c82d92967566c562ba1fcfdb
L4_73c7460a0b04e7a8f72e2164e9a5f28e.jpg,/orfeo/cephfs/scratch/mdmc/appliedAI/SEM/public_dataset/Complete_dataset/Powder/L4_73c7460a0b04e7a8f72e2164e9a5f28e.jpg,c00ff2a91a03fbd399bc210079fc220761644a3fc932597e69c3e1f09387c7f1748f05c98044af4b70d7ff03a8ca7b20985a086470f832b29ded7150679c8143930ce5066fa60974b39b12a440e9c3c672d2f09db185a2fb7b4ce36985afe7ae799ced0df9ff0b4ea32477bad85d41f961a4af50b261b7934498ff8f83a5f593
L4_62c2570737f70ad1ca870699ddea653f.jpg,/orfeo/cephfs/scratch/mdmc/appliedAI/SEM/public_dataset/Complete_dataset/Powder/L4_62c2570737f70ad1ca870699ddea653f.jpg,f17bd42c957efa5acfa56e420f5f82378d4d07fe95a97b3e28697bf8987c7fec79a346cd845a80de72559285b04822dfc901af5657854961844a980868b2d01397ccd33a6bb7457291752aec093a69d16cd7d500b51c0ac97583a4dbb2c1abf5682033076f03582f86cb5a77e596b79365e5f112824c3a406bb7712687d6e97c
L4_8043f961591c26de6cde801a49f526a6.jpg,/orfeo/cephfs/scratch/mdmc/appliedAI/SEM/public_dataset/Complete_dataset/Powder/L4_8043f961591c26de6cde801a49f526a6.jpg,f8ad92417a998b7cda0b0e7c13cd34c0b5cf816cfd1aa0785a3b318ecc9864641d8a6450bb16d08e620f3c6511f43b0263eb9cd76b17ee199e20e72e647ac0d6ed93ecb86bbefc05658d986e1c7d39b30b381cd7cc32910061a31b91924ccdf866d0abf8c9ab7f304797539f8e6b0075b790c949fe82641b7045f28f9d7cc76f
L4_ac9ab3961f97fc18294022fd551aa7fd.jpg,/orfeo/cephfs/scratch/mdmc/appliedAI/SEM/public_dataset/Complete_dataset/Powder/L4_ac9ab3961f97fc18294022fd551aa7fd.jpg,cf17b80368eac936f8d631849eab6f463d98c1c3d7528e6853d8be9dde7aeab03b958b5265973b53e46873af06e5b364f9aa031b0a2e15210c7000d8d58e33d85b46205eb1d4309c1cf15d356a0257278c5b4b5b4d19d758ebc52d292b1fdc852621dd4bcbe8413714d8147e535f289c23aee378818fc869f06c63fff7e82e35
L4_57824f4918a6236ec9c3c6c871aac0c9.jpg,/orfeo/cephfs/scratch/mdmc/appliedAI/SEM/public_dataset/Complete_dataset/Powder/L4_57824f4918a6236ec9c3c6c871aac0c9.jpg,dc0d7acb0c743f7ae250253ee30738fb0ea84b71e5bc4568e702835e22f48a11cdd58069cc8722af3efe50a4e68a5174d367af596f3350eb4551c3567298bd37d6a5f21d65831e99299eb06a9146f2d8f6021ab577afd121fa0b9599e6b1dac6bf6502b835ac6e45e2a12e84c244f5ca24dd911dde206fa00eae7dc9d8b172ca
L4_b946e545b7b00dd9edcc198127f0e439.jpg,/orfeo/cephfs/scratch/mdmc/appliedAI/SEM/public_dataset/Complete_dataset/Powder/L4_b946e545b7b00dd9edcc198127f0e439.jpg,addadaa631439bf1da63fabe02f867adb04160eed93920ee0f8feefff38e41bb6f4010cfd0d19ff36ee01c81e6029e01937adf544ff15b8e914d6dec6af86f37911e26972a837d25b7722719cf86c30713c601cdbec78a3c22051348f0143ccc7e474fb33c342928ff2096dffd36878b4800c8928d62427266a43366b1043c56
L4_a71499a5d1f1fc449fe0f1f7aaf6cae5.jpg,/orfeo/cephfs/scratch/mdmc/appliedAI/SEM/public_dataset/Complete_dataset/Powder/L4_a71499a5d1f1fc449fe0f1f7aaf6cae5.jpg,d3c4d9e34ac9e5f0af05c26994ea587cf67c98d8e0f879ee0d020466e934638c1706d98cee2c49b846dfc363e49b70e7229314f817ad349ee054b23317ac3105e047ab2e3787d915f31ae9281dc5cdcde8f6670b9c9227ca49f186c8f527b6c23b98a7c199da336d4ae2712484786b60fbb84932ad526c645c97739bec7b770d
L4_1b6abe92df4777a5ac56223a7d78d848.jpg,/orfeo/cephfs/scratch/mdmc/appliedAI/SEM/public_dataset/Complete_dataset/Powder/L4_1b6abe92df4777a5ac56223a7d78d848.jpg,ae0ec1cb06fe1d9dcf83327c30f83666c8e1f99ba61e9f911b8e0e1cc47e07c02b0bc347d99c3e2e6e476245f7349da33ec9fa936d36a16cd3985a1f2ceeb53cd27b7a9e6d8d85e092667a8f293785f0c6c85a939926b1ee66db1214c1743dee3ef25c17ce0d831bc1b258943649a063c836d3bd02e12c4c2c02d227d24d2d1a
L4_50a7af5089fd57dc4655dfddca0226ef.jpg,/orfeo/cephfs/scratch/mdmc/appliedAI/SEM/public_dataset/Complete_dataset/Powder/L4_50a7af5089fd57dc4655dfddca0226ef.jpg,aaec811a5bbd0312d85f4bbf67486042a4fbc9f2dd0849f32edc99fbd9bbd80209ead75cc00a17da092624451b47e685dcbc3e1e11a9b50fd2d2bdfe2c91909bf5b840a82b4f92bced44875d34666649bf6e16d8d960268f26729438b24e3e740c1fa962bf5edc2c084ad6c76ecc3553c0bd9112d24d5d8a1657dccab85e7bc3
L4_1bba0cf4a9f6e655e71b4430ca0ee22d.jpg,/orfeo/cephfs/scratch/mdmc/appliedAI/SEM/public_dataset/Complete_dataset/Powder/L4_1bba0cf4a9f6e655e71b4430ca0ee22d.jpg,c5998e9a468f00568d2f3e0e083f3f41871083f7f37992e07c78269683ccec882188eb38b85047313d6c29f7f24e338ab32ef19d0aa8f939b80389f443afd9d7e71b98cc6c620703f9e2a42f58aff8e739c37059b0576f17377709cd9f8e74296e384e63cbb94604e6f1b0c1b7ecc5c22562378ff22f36334ce06ac1b8da1654
L4_9ccdec037f4f082d4fec83c40126fc1a.jpg,/orfeo/cephfs/scratch/mdmc/appliedAI/SEM/public_dataset/Complete_dataset/Powder/L4_9ccdec037f4f082d4fec83c40126fc1a.jpg,912d55292bd6a5548aaa2aaa54a2d6aba9556d54a2a85693556aaaadb155aafa2aa95555d512a28509e94aadf692beaa156175b64adc9355f55d2dae4ad55557b52aa95d4b556ab5b5ad558a0a4a6255d5a538aaea5a575306ada575d55290ca0ab56ad5d56a82aa1ad4d9563def6424da56afaaa5a95c505a653b25f55b144c
L4_07634a3dca53769faf6ae15e60ed01e2.jpg,/orfeo/cephfs/scratch/mdmc/appliedAI/SEM/public_dataset/Complete_dataset/Powder/L4_07634a3dca53769faf6ae15e60ed01e2.jpg,93f057ad4246a2179262e2671c82138ec8d73d15e50954db2ca91660d487a9004197bd3bda9b0a3215991dd2fd6034d886e5e79b74a5ef4dcca5890228cb4c09eec874e618bbc924b7d9cbd967e772952ea448db3a5e3ecf0cf92506dde48cbbe81b60f2ae3f025cf83b4c5d33d71926b520aaff9b88465bc16fce0ecfd302be
L4_43e1545f9cab4e89b98286bd54885ea6.jpg,/orfeo/cephfs/scratch/mdmc/appliedAI/SEM/public_dataset/Complete_dataset/Powder/L4_43e1545f9cab4e89b98286bd54885ea6.jpg,893d8b2d4cc905659348ae814e7456405c96cb4da75ee2d419edb5d7e8e662a6260c64b0c92aaa6919e3db6ad67b68ba525f659d2414f752dd84c96a3a251553e4da3204239a5525c0aebfad8827f3eb5a6a604fe358ba92199ec3925acea7a42727744f3540586c338d1fde9146448eee73d115ea7db6d731efdf43d8ae8c21
L4_7e84adf1e66576e1d7d52241412101b3.jpg,/orfeo/cephfs/scratch/mdmc/appliedAI/SEM/public_dataset/Complete_dataset/Powder/L4_7e84adf1e66576e1d7d52241412101b3.jpg,f5e0e851a102041b9296048a502d40758a5ab03782dda9670bfb5057855a94de53fae1c9897d5ba93bf1c3d68d742e1f852c4a1d56a1e9958c1c8d5a5cb51c93815d49a216972d6da523fae5495fd6c5755f9470ed3bbefa37a5ff00a7f27eac366f75415702f090a84a9b96a1c1ad7248c9f56785389f11361faa67abaa8c57
L4_984c7b82611dc8a9c8712e7d6f0564f7.jpg,/orfeo/cephfs/scratch/mdmc/appliedAI/SEM/public_dataset/Complete_dataset/Powder/L4_984c7b82611dc8a9c8712e7d6f0564f7.jpg,b57436492ad15975a4db819e6fa297e05b296166d25229e76532a538ebb7fe6475c16242b4dd0910090ff89d534b93fd68e2d4f225e4ecd1c968e9b7377d9827eabc7d205e6522d8c8d86842258306475892db99905698ac2c0d37b7bda58b0c7b459d424c5fb51a8f3f5e6f9bb70226848dd72ba0291c3d6f2166f8cbb9698c
